Quartiere;Zona;Codice Area Statistica;Area Statistica;Residenti;Densità
Borgo Panigale - Reno;Barca;36;Villaggio della Barca;5943;3252.984328355069
Borgo Panigale - Reno;Barca;37;Battindarno;8769;6687.948584881344
Borgo Panigale - Reno;Barca;38;Canale di Reno;6261;4120.881112249492
Borgo Panigale - Reno;Borgo Panigale;1;Lavino di Mezzo;526;406.08119166459386
Borgo Panigale - Reno;Borgo Panigale;2;Via del Vivaio;929;108.52073939876875
Borgo Panigale - Reno;Borgo Panigale;3;Bargellino;72;73.40045829037201
Borgo Panigale - Reno;Borgo Panigale;4;Aeroporto;464;75.23175553400641
Borgo Panigale - Reno;Borgo Panigale;5;La Birra;1939;2248.595698604268
Borgo Panigale - Reno;Borgo Panigale;6;Lungo Reno;13;38.24639826164093
Borgo Panigale - Reno;Borgo Panigale;7;Ducati-Villaggio Ina;3080;3034.6436617868762
Borgo Panigale - Reno;Borgo Panigale;8;Borgo Centro;7915;3709.387404775069
Borgo Panigale - Reno;Borgo Panigale;9;Triumvirato-Pietra;5377;3468.231662420094
Borgo Panigale - Reno;Borgo Panigale;10;Rigosa;1326;107.92049385474171
Borgo Panigale - Reno;Borgo Panigale;11;Casteldebole;5054;3346.025735624795
Borgo Panigale - Reno;Santa Viola;39;Agucchi;4409;2879.2894974970263
Borgo Panigale - Reno;Santa Viola;40;Emilia Ponente;9003;7505.937449631554
Navile;Bolognina;12;Caserme Rosse-Manifattura;2145;1249.6816472301791
Navile;Bolognina;13;CNR;48;115.8398233797827
Navile;Bolognina;14;Arcoveggio;10319;7670.863316775699
Navile;Bolognina;15;Via Ferrarese;11851;8592.491451820637
Navile;Bolognina;16;Ex Mercato Ortofrutticolo;1714;1730.7184453450968
Navile;Bolognina;17;Piazza dell'Unita';10910;10030.658980101865
Navile;Corticella;18;San Savino;9212;5849.588811895285
Navile;Corticella;19;Savena Abbandonato;1002;118.45887176490542
Navile;Corticella;20;Croce Coperta;6005;2295.4485224874184
Navile;Corticella;21;Mulino del Gomito;722;913.5165862594893
Navile;Corticella;22;La Dozza;1359;3254.6765047905337
Navile;Lame;23;Laghetti del Rosario;486;73.67886758636746
Navile;Lame;24;La Noce;1522;1116.8558635147199
Navile;Lame;25;Tiro A Segno;151;73.42170840605056
Navile;Lame;26;Pescarola;4527;4000.99852317242
Navile;Lame;27;Lazzaretto;913;500.9016375074504
Navile;Lame;28;Beverara;7044;2775.936407482955
Porto - Saragozza;Costa Saragozza;71;Stadio-Meloncello;3627;3235.407655691895
Porto - Saragozza;Costa Saragozza;72;XXI Aprile;12839;11081.251702060581
Porto - Saragozza;Costa Saragozza;73;San Giuseppe;6330;6196.031328740634
Porto - Saragozza;Costa Saragozza;74;Ravone;1218;1285.649266758593
Porto - Saragozza;Costa Saragozza;75;Via del Genio;17;30.134218324419233
Porto - Saragozza;Costa Saragozza;76;San Luca;666;62.15519735305218
Porto - Saragozza;Malpighi;77;Malpighi-2;9796;9048.88262163692
Porto - Saragozza;Malpighi;78;Malpighi-1;1847;7030.406603804736
Porto - Saragozza;Marconi;29;Marconi-2;12414;10042.6106559624
Porto - Saragozza;Marconi;30;Marconi-1;2340;9447.14000638797
Porto - Saragozza;Saffi;31;Prati di Caprara-Ospedale Maggiore;476;601.8609962395471
Porto - Saragozza;Saffi;32;Scalo Ravone;144;154.04410685768514
Porto - Saragozza;Saffi;33;Zanardi;6571;8459.43345486984
Porto - Saragozza;Saffi;34;Velodromo;5801;9613.285928235113
Porto - Saragozza;Saffi;35;Via Vittorio Veneto;5391;8470.668772339815
San Donato - San Vitale;San Donato;41;Cadriano-Calamosco;855;100.59697540195384
San Donato - San Vitale;San Donato;42;Fiera;21;8.800480922220478
San Donato - San Vitale;San Donato;43;San Donnino;2922;4927.043070900723
San Donato - San Vitale;San Donato;44;Pilastro;7076;4046.025428050828
San Donato - San Vitale;San Donato;45;CAAB;438;98.83616756802633
San Donato - San Vitale;San Donato;46;Scalo Merci San Donato;40;24.713751175333673
San Donato - San Vitale;San Donato;47;Via del Lavoro;8051;8814.077028992178
San Donato - San Vitale;San Donato;48;Michelino;4562;6627.9151362790835
San Donato - San Vitale;San Donato;49;Via Mondo;8026;9919.456152470408
San Donato - San Vitale;San Vitale;62;Cirenaica;9190;7129.108878567159
San Donato - San Vitale;San Vitale;63;Scandellara;958;842.6627679772131
San Donato - San Vitale;San Vitale;64;Via Larga;2196;1576.9857623007367
San Donato - San Vitale;San Vitale;65;Roveri;1263;291.2444402694297
San Donato - San Vitale;San Vitale;66;Ospedale Sant'Orsola;79;242.95981176512694
San Donato - San Vitale;San Vitale;67;Mengoli;10005;9101.51820333503
San Donato - San Vitale;San Vitale;68;Guelfa;7042;6871.296482622886
San Donato - San Vitale;San Vitale;69;Croce del Biacco;4461;2273.2984886887975
San Donato - San Vitale;San Vitale;70;Stradelli Guelfi;305;118.23311304645497
Santo Stefano;Colli;50;Osservanza;4376;2783.9311495972615
Santo Stefano;Colli;51;San Michele in Bosco;2725;1924.5733609073948
Santo Stefano;Colli;52;Paderno;1654;52.25640720949753
Santo Stefano;Galvani;53;Galvani-1;1775;5856.714748930233
Santo Stefano;Galvani;54;Galvani-2;11224;8890.553464881285
Santo Stefano;Irnerio;60;Irnerio-1;3644;8429.796499250993
Santo Stefano;Irnerio;61;Irnerio-2;10000;6683.083962240825
Santo Stefano;Murri;55;Giardini Margherita;32;86.62388865040579
Santo Stefano;Murri;56;Mezzofanti;7486;7520.123560923858
Santo Stefano;Murri;57;Siepelunga;4471;6937.638468736205
Santo Stefano;Murri;58;Dagnini;9554;10941.898111057526
Santo Stefano;Murri;59;Chiesanuova;7464;6952.9462681874675
Savena;Mazzini;79;Fossolo;8724;4935.165062167155
Savena;Mazzini;80;Due Madonne;3035;4238.629090232745
Savena;Mazzini;81;Lungo Savena;179;154.1521370734861
Savena;Mazzini;82;Pontevecchio;5306;9359.911774726408
Savena;Mazzini;83;Bitone;10826;12747.765999713674
Savena;Mazzini;84;Cavedone;3153;6416.693195216172
Savena;Mazzini;85;Via Arno;7129;5021.4383899355735
Savena;Mazzini;86;Ospedale Bellaria;120;110.86555740173158
Savena;San Ruffillo;87;Monte Donato;1433;332.51420007792933
Savena;San Ruffillo;88;Via Toscana;9635;7310.908759338643
Savena;San Ruffillo;89;Corelli;8789;5151.358838113343
Savena;San Ruffillo;90;Ponte Savena-La Bastia;1333;1987.237743585884
