Quartiere;Zona;Nomi misure;Valori misure
Borgo Panigale-Reno;Santa Viola;Densità di popolazione;6885,482224891
Borgo Panigale-Reno;Borgo Panigale;Densità di popolazione;1016,955443702
Borgo Panigale-Reno;Barca;Densità di popolazione;6328,886327087
Borgo Panigale-Reno;Santa Viola;Popolazione residente;13408
Borgo Panigale-Reno;Borgo Panigale;Popolazione residente;26610
Borgo Panigale-Reno;Barca;Popolazione residente;21024
Borgo Panigale-Reno;Santa Viola;Superficie (kmq);1,947285544
Borgo Panigale-Reno;Borgo Panigale;Superficie (kmq);26,166338127
Borgo Panigale-Reno;Barca;Superficie (kmq);3,321911457
Navile;Lame;Densità di popolazione;1317,851981882
Navile;Corticella;Densità di popolazione;1862,149730233
Navile;Bolognina;Densità di popolazione;7419,961400690
Navile;Lame;Popolazione residente;14568
Navile;Corticella;Popolazione residente;18393
Navile;Bolognina;Popolazione residente;36681
Navile;Lame;Superficie (kmq);11,054352234
Navile;Corticella;Superficie (kmq);9,877293808
Navile;Bolognina;Superficie (kmq);4,943556714
Porto-      Saragozza;Saffi;Densità di popolazione;6884,521485195
Porto-      Saragozza;Marconi;Densità di popolazione;13894,106777664
Porto-      Saragozza;Malpighi;Densità di popolazione;12197,791343577
Porto-      Saragozza;Costa Saragozza;Densità di popolazione;2224,344566543
Porto-      Saragozza;Saffi;Popolazione residente;18374
Porto-      Saragozza;Marconi;Popolazione residente;14704
Porto-      Saragozza;Malpighi;Popolazione residente;11705
Porto-      Saragozza;Costa Saragozza;Popolazione residente;24645
Porto-      Saragozza;Saffi;Superficie (kmq);2,668885563
Porto-      Saragozza;Marconi;Superficie (kmq);1,058290413
Porto-      Saragozza;Malpighi;Superficie (kmq);0,959599953
Porto-      Saragozza;Costa Saragozza;Superficie (kmq);11,079668308
San Donato-       San Vitale;San Vitale;Densità di popolazione;3254,004599174
San Donato-       San Vitale;San Donato;Densità di popolazione;2063,623528843
San Donato-       San Vitale;San Vitale;Popolazione residente;35156
San Donato-       San Vitale;San Donato;Popolazione residente;31913
San Donato-       San Vitale;San Vitale;Superficie (kmq);10,80391835
San Donato-       San Vitale;San Donato;Superficie (kmq);15,464545521
Santo Stefano;Murri;Densità di popolazione;10302,201030033
Santo Stefano;Irnerio;Densità di popolazione;10024,227027903
Santo Stefano;Galvani;Densità di popolazione;11575,126402762
Santo Stefano;Colli;Densità di popolazione;356,924139938
Santo Stefano;Murri;Popolazione residente;29078
Santo Stefano;Irnerio;Popolazione residente;13789
Santo Stefano;Galvani;Popolazione residente;12927
Santo Stefano;Colli;Popolazione residente;8825
Santo Stefano;Murri;Superficie (kmq);2,822503649
Santo Stefano;Irnerio;Superficie (kmq);1,375567409
Santo Stefano;Galvani;Superficie (kmq);1,11679126
Santo Stefano;Colli;Superficie (kmq);24,725141879
Savena;San Ruffillo;Densità di popolazione;3692,691589399
Savena;Mazzini;Densità di popolazione;6698,405082328
Savena;San Ruffillo;Popolazione residente;21096
Savena;Mazzini;Popolazione residente;38497
Savena;San Ruffillo;Superficie (kmq);5,712906017
Savena;Mazzini;Superficie (kmq);5,747188999
