Quartiere,Zona,Codice Area Statistica,Area Statistica,Residenti
Borgo Panigale - Reno,Barca,36,Villaggio della Barca,5943
Borgo Panigale - Reno,Barca,37,Battindarno,8769
Borgo Panigale - Reno,Barca,38,Canale di Reno,6261
Borgo Panigale - Reno,Borgo Panigale,1,Lavino di Mezzo,526
Borgo Panigale - Reno,Borgo Panigale,2,Via del Vivaio,929
Borgo Panigale - Reno,Borgo Panigale,3,Bargellino,72
Borgo Panigale - Reno,Borgo Panigale,4,Aeroporto,464
Borgo Panigale - Reno,Borgo Panigale,5,La Birra,1939
Borgo Panigale - Reno,Borgo Panigale,6,Lungo Reno,13
Borgo Panigale - Reno,Borgo Panigale,7,Ducati-Villaggio Ina,3080
Borgo Panigale - Reno,Borgo Panigale,8,Borgo Centro,7915
Borgo Panigale - Reno,Borgo Panigale,9,Triumvirato-Pietra,5377
Borgo Panigale - Reno,Borgo Panigale,10,Rigosa,1326
Borgo Panigale - Reno,Borgo Panigale,11,Casteldebole,5054
Borgo Panigale - Reno,Santa Viola,39,Agucchi,4409
Borgo Panigale - Reno,Santa Viola,40,Emilia Ponente,9003
Navile,Bolognina,12,Caserme Rosse-Manifattura,2145
Navile,Bolognina,13,CNR,48
Navile,Bolognina,14,Arcoveggio,10319
Navile,Bolognina,15,Via Ferrarese,11851
Navile,Bolognina,16,Ex Mercato Ortofrutticolo,1714
Navile,Bolognina,17,Piazza dell'Unita',10910
Navile,Corticella,18,San Savino,9212
Navile,Corticella,19,Savena Abbandonato,1002
Navile,Corticella,20,Croce Coperta,6005
Navile,Corticella,21,Mulino del Gomito,722
Navile,Corticella,22,La Dozza,1359
Navile,Lame,23,Laghetti del Rosario,486
Navile,Lame,24,La Noce,1522
Navile,Lame,25,Tiro A Segno,151
Navile,Lame,26,Pescarola,4527
Navile,Lame,27,Lazzaretto,913
Navile,Lame,28,Beverara,7044
Porto - Saragozza,Costa Saragozza,71,Stadio-Meloncello,3627
Porto - Saragozza,Costa Saragozza,72,XXI Aprile,12839
Porto - Saragozza,Costa Saragozza,73,San Giuseppe,6330
Porto - Saragozza,Costa Saragozza,74,Ravone,1218
Porto - Saragozza,Costa Saragozza,75,Via del Genio,17
Porto - Saragozza,Costa Saragozza,76,San Luca,666
Porto - Saragozza,Malpighi,77,Malpighi-2,9796
Porto - Saragozza,Malpighi,78,Malpighi-1,1847
Porto - Saragozza,Marconi,29,Marconi-2,12414
Porto - Saragozza,Marconi,30,Marconi-1,2340
Porto - Saragozza,Saffi,31,Prati di Caprara-Ospedale Maggiore,476
Porto - Saragozza,Saffi,32,Scalo Ravone,144
Porto - Saragozza,Saffi,33,Zanardi,6571
Porto - Saragozza,Saffi,34,Velodromo,5801
Porto - Saragozza,Saffi,35,Via Vittorio Veneto,5391
San Donato - San Vitale,San Donato,41,Cadriano-Calamosco,855
San Donato - San Vitale,San Donato,42,Fiera,21
San Donato - San Vitale,San Donato,43,San Donnino,2922
San Donato - San Vitale,San Donato,44,Pilastro,7076
San Donato - San Vitale,San Donato,45,CAAB,438
San Donato - San Vitale,San Donato,46,Scalo Merci San Donato,40
San Donato - San Vitale,San Donato,47,Via del Lavoro,8051
San Donato - San Vitale,San Donato,48,Michelino,4562
San Donato - San Vitale,San Donato,49,Via Mondo,8026
San Donato - San Vitale,San Vitale,62,Cirenaica,9190
San Donato - San Vitale,San Vitale,63,Scandellara,958
San Donato - San Vitale,San Vitale,64,Via Larga,2196
San Donato - San Vitale,San Vitale,65,Roveri,1263
San Donato - San Vitale,San Vitale,66,Ospedale Sant'Orsola,79
San Donato - San Vitale,San Vitale,67,Mengoli,10005
San Donato - San Vitale,San Vitale,68,Guelfa,7042
San Donato - San Vitale,San Vitale,69,Croce del Biacco,4461
San Donato - San Vitale,San Vitale,70,Stradelli Guelfi,305
Santo Stefano,Colli,50,Osservanza,4376
Santo Stefano,Colli,51,San Michele in Bosco,2725
Santo Stefano,Colli,52,Paderno,1654
Santo Stefano,Galvani,53,Galvani-1,1775
Santo Stefano,Galvani,54,Galvani-2,11224
Santo Stefano,Irnerio,60,Irnerio-1,3644
Santo Stefano,Irnerio,61,Irnerio-2,10000
Santo Stefano,Murri,55,Giardini Margherita,32
Santo Stefano,Murri,56,Mezzofanti,7486
Santo Stefano,Murri,57,Siepelunga,4471
Santo Stefano,Murri,58,Dagnini,9554
Santo Stefano,Murri,59,Chiesanuova,7464
Savena,Mazzini,79,Fossolo,8724
Savena,Mazzini,80,Due Madonne,3035
Savena,Mazzini,81,Lungo Savena,179
Savena,Mazzini,82,Pontevecchio,5306
Savena,Mazzini,83,Bitone,10826
Savena,Mazzini,84,Cavedone,3153
Savena,Mazzini,85,Via Arno,7129
Savena,Mazzini,86,Ospedale Bellaria,120
Savena,San Ruffillo,87,Monte Donato,1433
Savena,San Ruffillo,88,Via Toscana,9635
Savena,San Ruffillo,89,Corelli,8789
Savena,San Ruffillo,90,Ponte Savena-La Bastia,1333
