codice_area_statistica,area_statistica,num_buildings,num_buildings_within_300m_park,perc_buildings_within_300m_park,meet_300
10,RIGOSA,550,252,45.81818181818182,False
29,MARCONI-2,1308,1196,91.43730886850153,False
57,SIEPELUNGA,657,554,84.32267884322678,False
58,DAGNINI,606,525,86.63366336633663,False
77,MALPIGHI-2,1797,734,40.845854201446855,False
59,CHIESANUOVA,773,284,36.73997412677878,False
16,EX MERCATO ORTOFRUTTICOLO,63,52,82.53968253968253,False
2,VIA DEL VIVAIO,352,20,5.681818181818182,False
72,XXI APRILE,1185,571,48.18565400843882,False
74,RAVONE,275,275,100.0,True
33,ZANARDI,395,164,41.51898734177215,False
63,SCANDELLARA,173,51,29.47976878612717,False
64,VIA LARGA,306,299,97.7124183006536,False
89,CORELLI,599,476,79.46577629382304,False
70,STRADELLI GUELFI,128,91,71.09375,False
5,LA BIRRA,295,276,93.55932203389831,False
25,TIRO A SEGNO,178,104,58.42696629213483,False
43,SAN DONNINO,198,198,100.0,True
45,CAAB,242,114,47.107438016528924,False
30,MARCONI-1,509,469,92.14145383104125,False
80,DUE MADONNE,120,113,94.16666666666667,False
42,FIERA,243,221,90.94650205761316,False
61,IRNERIO-2,2201,1825,82.91685597455702,False
24,LA NOCE,149,133,89.26174496644296,False
83,BITONE,700,204,29.142857142857142,False
84,CAVEDONE,102,3,2.941176470588235,False
6,LUNGO RENO,8,8,100.0,True
9,TRIUMVIRATO-PIETRA,522,505,96.74329501915709,False
18,SAN SAVINO,870,855,98.27586206896551,False
20,CROCE COPERTA,585,581,99.31623931623932,False
86,OSPEDALE BELLARIA,89,89,100.0,True
56,MEZZOFANTI,1163,242,20.808254514187446,False
26,PESCAROLA,450,376,83.55555555555556,False
28,BEVERARA,676,603,89.20118343195266,False
78,MALPIGHI-1,566,42,7.420494699646643,False
37,BATTINDARNO,638,597,93.57366771159874,False
12,CASERME ROSSE-MANIFATTURA,254,185,72.83464566929135,False
13,CNR,119,107,89.91596638655463,False
14,ARCOVEGGIO,962,465,48.33679833679834,False
15,VIA FERRARESE,934,562,60.17130620985011,False
17,PIAZZA DELL'UNITA',703,177,25.177809388335703,False
3,BARGELLINO,45,21,46.666666666666664,False
71,STADIO-MELONCELLO,603,599,99.33665008291874,False
31,PRATI DI CAPRARA-OSPEDALE MAGGIORE,89,25,28.08988764044944,False
32,SCALO RAVONE,128,46,35.9375,False
39,AGUCCHI,610,494,80.98360655737706,False
40,EMILIA PONENTE,1069,444,41.534144059869035,False
65,ROVERI,257,103,40.07782101167315,False
66,OSPEDALE SANT'ORSOLA,114,68,59.64912280701754,False
67,MENGOLI,984,235,23.882113821138212,False
35,VIA VITTORIO VENETO,422,211,50.0,False
69,CROCE DEL BIACCO,441,337,76.41723356009071,False
11,CASTELDEBOLE,259,205,79.15057915057915,False
44,PILASTRO,312,312,100.0,True
68,GUELFA,630,348,55.23809523809524,False
79,FOSSOLO,624,618,99.03846153846155,False
81,LUNGO SAVENA,46,11,23.91304347826087,False
82,PONTEVECCHIO,635,249,39.21259842519685,False
41,CADRIANO-CALAMOSCO,394,176,44.67005076142132,False
53,GALVANI-1,658,123,18.693009118541035,False
54,GALVANI-2,2109,864,40.96728307254623,False
47,VIA DEL LAVORO,417,416,99.76019184652279,False
7,DUCATI-VILLAGGIO INA,168,88,52.38095238095239,False
8,BORGO CENTRO,710,316,44.50704225352113,False
21,MULINO DEL GOMITO,121,111,91.73553719008265,False
50,OSSERVANZA,973,908,93.31963001027749,False
51,SAN MICHELE IN BOSCO,536,482,89.92537313432835,False
52,PADERNO,1140,531,46.578947368421055,False
19,SAVENA ABBANDONATO,501,216,43.11377245508982,False
4,AEROPORTO,331,187,56.49546827794561,False
55,GIARDINI MARGHERITA,23,23,100.0,True
27,LAZZARETTO,204,79,38.72549019607843,False
36,VILLAGGIO DELLA BARCA,303,302,99.66996699669967,False
38,CANALE DI RENO,691,691,100.0,True
1,LAVINO DI MEZZO,104,15,14.423076923076922,False
85,VIA ARNO,365,364,99.72602739726028,False
87,MONTE DONATO,600,530,88.33333333333333,False
90,PONTE SAVENA-LA BASTIA,194,133,68.55670103092784,False
62,CIRENAICA,958,759,79.22755741127348,False
34,VELODROMO,313,202,64.5367412140575,False
48,MICHELINO,433,412,95.1501154734411,False
88,VIA TOSCANA,1004,899,89.5418326693227,False
75,VIA DEL GENIO,13,10,76.92307692307693,False
76,SAN LUCA,325,163,50.153846153846146,False
73,SAN GIUSEPPE,905,703,77.67955801104972,False
49,VIA MONDO,556,350,62.94964028776978,False
46,SCALO MERCI SAN DONATO,78,25,32.05128205128205,False
22,LA DOZZA,198,198,100.0,True
60,IRNERIO-1,1078,1057,98.05194805194806,False
23,LAGHETTI DEL ROSARIO,258,131,50.775193798449614,False
